username,deposit
Briney,832
Kerrin,418
Laurene,774
Jessy,476
Deedee,59
Deloria,637
Imojean,744
Lelah,226
Dari,49
Sharlene,449
Shannah,916
Carmela,710
Meg,609
Sherrie,884
Daphne,118
Iseabal,530
Marita,412
Stephanie,492
Brynna,773
Dagmar,840
Kimmy,763
Belinda,139
Chickie,310
Grier,119
Roxane,378
Sonni,339
Kaia,923
Paulita,714
Penelopa,581
Claresta,381
Correy,124
Ileana,832
Ninnetta,94
Lynde,528
Peri,488
Lonnie,898
Lynde,114
Cristabel,375
Frieda,225
Feliza,819
Cristine,178
Agathe,340
Penelopa,311
Daune,135
Wendi,243
Melina,413
Molli,70
Emylee,119
Ottilie,665
Rosanne,60
Gavrielle,599
Willetta,509
Ira,718
Caryl,581
Georgina,25
Ericka,338
Gretal,257
Ursulina,484
Stevana,777
Lisette,709
Lynnea,253
Rivalee,891
Gratia,503
Carlie,776
Selma,722
Jaclyn,441
Shandie,625
Orsola,28
Natka,86
Ricky,180
Janey,700
Marsiella,862
Adelle,651
Taffy,625
Malina,448
Frank,139
Caryl,790
Veda,851
Joceline,88
Jemie,785
Nessie,513
Sheree,832
Jordan,616
Melodie,44
Meriel,121
Addia,616
Bernie,38
Ellette,379
Dacia,736
Rayna,575
Arabel,632
Silvana,4
Kristan,410
Aurore,207
Ofilia,524
Lucille,168
Lindie,121
Jeanna,534
Agathe,503
Julieta,730
Lizzie,287
Korrie,488
Chickie,247
Natka,674
Wilma,821
Orelia,162
Abbie,214
Barbara,812
Trudie,547
Anica,698
Danika,662
Merci,815
Karly,54
Melodie,244
Anthia,538
Agnese,278
Kenna,209
Marline,753
Linet,943
Cindelyn,348
Raf,131
Alisha,340
Ruthe,269
Rosaline,94
Justinn,711
Tomasina,311
Lory,546
Emelina,157
Valera,333
Nataline,567
Wendi,872
Correy,142
Millie,344
Corry,314
Joleen,248
Debee,828
Leanna,987
Dolli,975
Babita,544
Ilse,397
Adele,757
Rosene,131
Rhea,261
Wynne,743
Gianina,633
Shell,529
Margalo,5
Larine,918
Nannie,560
Isa,33
Keelia,318
Sean,978
Jenilee,62
Loree,275
Jessamyn,793
Frieda,647
Livvyy,647
Doro,648
Steffane,329
Goldie,91
Pearline,105
Ana,928
Claresta,167
Angela,913
Krystle,264
Hyacinthe,190
Lynnea,99
Edyth,41
Meriel,819
Gilligan,232
Libbie,308
Gusella,278
Tracey,575
Nyssa,890
Edith,869
Nikki,494
Arlena,406
Catharine,973
Eadie,736
Deloria,540
Rosabelle,674
Rivalee,178
Janey,131
Caressa,442
Lanae,122
Valera,152
Jerry,319
Dawn,81
Marjie,939
Dorthy,400
Clo,603
Farrah,114
Nanete,928
Madalyn,295
Moyna,606
Delilah,91
Mahalia,181
Paola,284
Natka,152
Nanete,319
Aryn,65
Ginnie,651
Albertina,82
Fina,96
Talya,736
Paola,185
Tomasina,899
Tera,800
Tybie,805
Joceline,316
Winifred,134
Xylina,954
Bernardine,294
Jorry,928
Tonia,584
Genovera,970
Raf,900
Ottilie,554
Rosanne,377
Ekaterina,389
Ebonee,523
Gwenneth,504
Magdalena,790
Celene,152
Roseline,163
Debee,704
Frances,976
Latisha,102
Catrina,144
Carilyn,108
Hildegaard,241
Eve,197
Shell,954
Marsiella,307
Berget,175
Lynea,150
Quintina,956
Doro,418
Claudina,371
Ezmeralda,603
Yetty,474
Arlena,866
Lenna,63
Gwyneth,786
Paola,9
Danika,428
Lucy,967
Celestyna,350
Imojean,263
Arlena,523
Annecorinne,974
Angelique,459
Kathi,461
Corry,839
Charlena,608
Betta,750
Wynne,738
Morganica,436
Ethel,227
Carly,143
Mildrid,984
Roberta,830
Althea,895
Merci,892
Laure,432
Magdalena,916
Ermengarde,858
Gusty,577
Nickie,63
Norine,412
Rhoda,16
Marita,12
Lyssa,345
Fred,748
Odessa,819
Alejandra,320
Adele,231
Collen,739
Krystle,20
Etta,584
Glenda,264
Heddie,889
Winny,457
Raina,622
Anthia,763
Collen,458
Adelle,803
Kamilah,280
Elfreda,455
Elie,74
Morganica,948
Dagmar,41
Wendi,492
Doro,672
Dennie,462
Joeann,550
Aryn,367
Gusella,531
Britte,327
Fanny,541
Hayley,907
Wendi,695
Monika,550
Ottilie,164
Flory,871
Aili,211
Ariela,790
Kirstin,815
Ekaterina,693
Kerrin,715
Bill,53
Valli,763
Roxane,783
Evaleen,664
Alex,466
Heida,951
Gilda,716
Dacia,699
Luci,449
Rori,413
Flo,351
Kristina,901
Bertine,754
Rosanne,882
Vinita,722
Ericka,604
Genovera,764
Eadie,402
Jennica,643
Flo,815
Livvyy,897
Maurene,338
Meghann,900
Gloria,442
Odessa,558
Thalia,250
Alyda,112
Bertine,913
Sue,117
Bernie,385
Larine,59
Trixi,283
Isa,621
Britni,144
Candi,18
Gilligan,498
Mireielle,573
Vita,482
Lexine,920
Wileen,408
Dagmar,110
Elmira,210
Kerrin,145
Nollie,226
Marti,651
Leontine,561
Gertrud,987
Maryellen,891
Nickie,975
Kamilah,199
Latisha,483
Sean,514
Trixi,742
Gwenneth,716
Karina,423
Kaja,436
Sybille,429
Ardys,904
Melodie,892
Charissa,163
Brandise,679
Kirbee,396
Tomasina,709
Bobinette,559
Orelia,120
Phedra,261
Elora,11
Minne,191
Julieta,880
Shirlee,892
Laurene,424
Basia,197
Pearline,310
Fredericka,331
Felice,505
Karly,989
Esmeralda,28
Jacquetta,247
Hallie,996
Darci,707
Maisey,842
Genevra,454
Meghann,661
Catharine,631
Gloria,47
Albertina,571
Linet,886
Cristabel,646
Elena,762
Alyssa,929
Christian,586
Joane,148
Christian,278
Penelopa,453
Hildegaard,84
Diena,856
Blinni,450
Romona,845
Annabela,719
Ebonee,973
Hettie,767
Rebeca,566
Jan,273
Pierette,783
Eve,498
Margalo,441
Asia,136
Arlena,917
Mathilda,692
Selma,164
Yolane,775
Suzette,71
Sybille,412
Georgina,242
Feliza,273
Paulita,622
Gwyneth,984
Elyssa,810
Magdalena,73
Modestia,957
Sherrie,882
Elbertina,325
Alisha,811
Amii,932
Lonnie,336
Calla,469
Rebeca,740
Cathyleen,733
Gloria,676
Starla,11
Jaclyn,725
Claresta,536
Viviene,105
Fidelia,632
Eve,848
Jessamyn,629
Celestyna,882
Joceline,834
Sean,41
Theodora,853
Vinita,670
Desirae,238
Fidelia,325
Basia,51
Jennica,583
Kalina,211
Jordan,894
Adelle,431
Cyndie,244
Moyna,116
Aeriela,882
Sharai,272
Frieda,84
Emmey,876
Anestassia,335
Althea,707
Winifred,864
Kristina,715
Ann-Marie,790
Philis,630
Ricky,55
Kittie,871
Merci,223
Berget,212
Bobinette,830
Sarette,979
Fidelia,685
Pollyanna,159
Ana,754
Maye,581
Michaelina,868
Chickie,816
Ginnie,885
Ayn,195
Elfreda,32
Deane,443
Nanete,648
Mallory,215
Max,754
Dominga,47
Tersina,440
Alejandra,683
Valeda,561
Theodora,914
Lilith,903
Vita,692
Eolanda,921
Laure,423
Devina,780
Talya,745
Shirlee,386
Maye,103
Roberta,569
Emmey,466
Anica,790
Moyna,19
Mariele,261
Luci,601
Andeee,970
Jorry,963
Ebonee,616
Maryellen,691
Kassey,430
Desirae,616
Gwenneth,439
Teriann,441
Miquela,299
Jere,887
Ericka,512
Caryl,442
Briney,86
Gabi,117
Hildegaard,125
Carlie,272
Elka,118
Dari,680
Maisey,280
Nerta,345
Ricky,440
Fawne,425
Mallory,685
Dennie,474
Mathilda,227
Minda,968
Starla,497
Korrie,243
Susan,265
Gilda,545
Nadine,942
Xylina,972
Dari,107
Dulcinea,113
Chickie,777
Grier,296
Codie,420
Kerrin,788
Shel,433
Marinna,191
Maisey,313
Ketti,674
Dacia,512
Brynna,378
Mireielle,29
Hayley,704
Oralee,555
Robinia,973
Margette,551
Lanna,941
Zaria,966
Claudina,679
Madalyn,949
Dorothy,588
Ashlee,575
Jillayne,475
Riannon,162
Edyth,645
Madelle,735
Violet,373
Charissa,28
Orsola,134
Lauryn,226
Larine,339
Collen,644
Lacie,752
Mildrid,296
Jennica,86
Aimil,946
Jere,605
Roz,544
Lonnie,605
Dagmar,323
Cyb,488
Vivia,719
Janey,717
Bill,622
Ashlee,287
Dyann,77
Cindelyn,913
Kore,702
Coral,527
Sean,18
Candi,794
Carmela,50
Dyann,272
Jan,985
Tonia,277
Donetta,259
Marcelline,901
Nananne,661
Perry,158
Nyssa,876
Adriana,400
Allyce,18
Fawne,432
Annabela,372
Ernesta,564
Steffane,778
Leanna,811
Ricky,871
Kittie,953
Vonny,124
Margette,7
Barbi,561
Zia,763
Ida,14
Viviene,70
Alyda,522
Pamella,92
Sara-Ann,97
Brooks,728
Minda,489
Starla,414
Bernardine,50
Eadie,611
Annaliese,231
Libbie,178
Caressa,346
Starla,346
Pollyanna,274
Jaime,374
Jemie,99
Vita,262
Coral,919
Elfreda,824
Hope,401
Johna,33
Dulcinea,22
Tomasina,187
Lexine,815
Georgetta,149
Andree,317
Angela,496
Maryellen,586
Marcy,170
Hannis,278
Miquela,116
Gratia,761
Donetta,36
Roberta,575
Donetta,676
Lanna,320
Thalia,99
Di,768
Ilse,610
June,781
Bernie,643
Gerianna,518
Micheline,455
Reeba,519
Veda,881
Olivette,945
Livvyy,608
Dorice,129
Josephine,633
Valera,422
Hannis,803
Gale,57
Philis,898
Janenna,395
Cindelyn,228
Ashlee,811
Amii,332
Elise,658
Molli,56
Gerrie,498
Alyssa,546
Devina,635
Felice,331
Leona,950
Donetta,764
Correy,805
Karlee,373
Adelle,255
Daryl,659
Amalie,728
Kristan,737
Tabbatha,801
Dorothy,550
Emilia,545
Mara,608
Maridel,503
Kenna,74
Gusella,521
Concettina,284
Lusa,642
Rosabelle,249
Flo,216
Gerrie,484
Anica,294
Dari,616
Katuscha,558
Ricky,484
Shirlee,744
Olwen,767
Merrie,166
Ellette,769
Nelle,935
Christy,199
Karina,973
Silvana,664
Brandise,596
Rosene,243
Jillayne,44
Arabel,753
Bill,89
Sibella,565
Augustine,828
Daryl,423
Gavrielle,237
Susette,772
Lizzie,733
Pollyanna,84
Alex,854
Dorthy,703
Kathy,135
Karolina,342
Tabbatha,650
Aeriela,590
Cam,669
Tobe,833
Stacey,193
Belva,168
Dennie,42
Lorne,899
Cacilie,562
Hermione,977
Rori,339
Maud,978
Blinni,702
Jennica,826
Cissiee,531
Brooks,841
Jorry,674
Danika,450
Mallory,909
Kirstin,635
Violet,370
Corina,170
Latisha,459
Rivalee,151
Petronia,192
Babita,989
Katharina,315
Libbie,228
Anthia,308
Augustine,340
Gisela,462
Kittie,962
Ricky,624
Kittie,661
Jillayne,524
Nyssa,994
Alia,851
Katleen,683
Juliane,784
Marinna,442
Charmaine,410
Meg,822
Jan,52
Rosabelle,397
Romona,886
Reeba,763
Mireielle,328
Ida,142
Morganica,945
Jsandye,815
Justinn,508
Chere,748
Margarette,315
Gale,470
Sashenka,677
Susan,482
Susan,996
Stacey,344
Marcelline,761
Lila,494
Lynnea,936
Kellen,181
Carol-Jean,336
Nicoli,445
Katharina,111
Amalie,308
Malina,63
Flo,354
Joane,337
Quintina,815
Celisse,418
Linet,176
Nyssa,556
Amalie,609
Zia,513
Nollie,487
Ginnie,735
Basia,99
Lyssa,500
Camile,658
Sashenka,807
Kamilah,549
Kaja,526
Chastity,715
Carolina,609
Rhea,819
Sybille,728
Sissy,269
Zia,712
Sean,571
Suzette,139
Lanna,96
Binny,345
Daryl,615
Cristabel,131
Feliza,681
Cam,561
Deedee,589
Lindie,447
Elora,801
Aurelie,431
Mignon,76
Claresta,161
Catharine,650
Nadine,931
Inga,262
Lelah,807
Allis,544
Roslyn,285
Jennica,100
Rosanne,729
Lauryn,351
Nariko,1000
Blondelle,61
Gavrielle,140
Lelah,972
Gui,860
Beverley,291
Nikki,949
Valera,214
Melodie,240
Rori,21
Chandra,269
Ekaterina,35
Oralee,710
Ellette,712
Shauna,824
Aryn,950
Tierney,262
Jsandye,483
Merci,173
Damaris,793
Queenie,543
Quintina,605
Penelopa,530
Georgina,765
Beth,122
Kate,480
Blondelle,480
Pamella,56
Corly,820
Lorenza,167
Hollie,368
Kenna,915
Karlee,872
Demetris,197
Lexine,107
Brianna,668
Tiffie,579
Miquela,948
Gwenneth,182
Theodora,227
Lila,700
Cacilie,324
Constance,890
Agathe,836
Carol-Jean,323
Angelique,192
Elsie,437
Johna,632
Caryl,510
Gavrielle,419
Brynna,685
Cathie,120
Ricky,215
Hyacinthe,846
Talya,680
Myriam,657
Meriel,806
Tiffie,956
Tybie,658
Angelique,78
Annaliese,153
Gusella,596
Zondra,835
Nikki,977
Misha,27
Babita,6
Michaelina,979
Giustina,223
Giustina,665
Cristine,332
Cordi,730
Lanae,217
Florie,424
Lulita,674
Eve,953
Nananne,277
Melanie,488
Valli,456
Cherilyn,981
Stacey,804
Melisent,509
Mariele,42
Ezmeralda,450
Winny,956
Aigneis,634
Nariko,938
Jacenta,732
Patricia,909
Charlena,545
Randa,555
Tina,358
Priscilla,266
Carol-Jean,456
Ottilie,174
Pamella,789
Nyssa,371
Collen,405
Atlanta,779
Sashenka,410
Renae,16
Elfreda,555
Quintina,802
Winifred,238
Dari,373
Jessamyn,77
Lulita,420
Roxane,22
Teriann,152
Ottilie,274
Brooks,420
Alyda,807
Luci,710
Vita,781
Fina,826
Cherilyn,399
Yetty,454
Nariko,400
Mariele,310
Amelia,94
Ayn,417
Jan,684
Violet,276
Sindee,618
Vevay,387
Quintina,362
Bernardine,134
Eugine,70
Karolina,911
Jenda,573
Norine,182
Danika,668
Eolanda,331
Raina,152
Mady,868
Chandra,650
Nyssa,266
Bibby,960
Gisela,729
Ingrid,821
Henriette,665
Dulce,606
Gisela,727
Valera,369
Zaria,501
Sarette,666
Liana,903
Arlena,461
Deedee,713
Barbara,275
Kristan,756
Kirbee,531
Dacia,478
Deloria,838
Lucy,972
Stevana,406
Cristine,693
Lenna,341
Jemie,398
Annora,153
Cherrita,747
Carlie,401
Dione,255